,Mw,Mw_log
A1-1,10190.99,9.229357396649768
A1-3,8830.35,9.086063169794064
A10-2,3977.02,8.288539487053365
A12-3,6560.57,8.788985182571746
A14-1,2020.56,7.611624769570358
A14-2,3764.34,8.23359344160159
A14-3,5375.0,8.589699882202986
A15-2,3922.71,8.274792913774796
A15-3,5261.7,8.568399482019068
A16-1,1606.67,7.382541204797013
A16-2,3666.48,8.207260056696201
A17-1,1906.74,7.553674574379042
A17-2,3680.26,8.211010363864798
A18-1,1800.74,7.4965081436295815
A18-2,3694.02,8.214741246087545
A18-3,5263.47,8.568735754733707
A19-1,1777.79,7.483688636853255
A19-3,5342.73,8.583679189988008
A20-1,1699.21,7.438507051826942
A20-2,3605.99,8.19062890851267
A20-3,5390.93,8.592658670312028
A22-1,1732.97,7.45816885615276
A22-2,4354.73,8.379247498660721
A22-3,5227.54,8.561887359387116
A23-1,1555.45,7.350162866012019
A23-3,5216.43,8.559760222474196
A3-1,787.99,6.670753646494326
A3-3,460.73,6.1349803046599725
A5-1,6160.54,8.726082025282773
A5-2,9105.04,9.116693208593183
A6-1,2719.3,7.9084974473257414
A6-2,7021.54,8.856880254939393
A6-3,8685.93,9.069574876209726
A7-1,5878.17,8.679170874466577
A8-1,2374.6,7.773005316141705
A8-2,7019.38,8.856572626608955
A8-3,8559.49,9.054912710488125
A9-1,1897.04,7.548577053763398
B10-1,5526.3,8.617454729354241
B10-2,6806.9,8.825838981543686
B10-3,5317.1,8.578871375687848
B10-4,5560.84,8.623684267749434
B10-5,4444.29,8.399600387664618
B11-1,5231.4,8.562625342814071
B11-3,5048.0,8.526945482858915
B11-4,5077.81,8.532832261162746
B11-5,4265.24,8.358488156239265
B12-1,5578.3,8.62681859947742
B12-4,5189.38,8.554562191206044
B12-5,4493.18,8.410538505347697
B13-2,6789.3,8.823250402198221
B13-3,5197.4,8.556106164914835
B13-4,5158.48,8.548591078203648
B13-5,4334.45,8.374580690055522
B14-1,5094.2,8.536054199057157
B14-2,5314.3,8.578344733209486
B14-3,4972.4,8.511858989825535
B14-4,5105.85,8.538338054765346
B15-1,4889.5,8.495049826730547
B15-2,4997.2,8.516833126600682
B15-3,4834.6,8.483760495327838
B15-4,5064.76,8.530259454784847
B15-5,4048.93,8.306454876000599
B16-1,5175.1,8.551807155932286
B16-2,4867.9,8.490623317873618
B16-3,5063.6,8.530030440217729
B16-4,5030.7,8.523513178161055
B16-5,4071.63,8.31204426139091
B17-1,4343.0,8.37655086161377
B17-2,5030.6,8.523493303964717
B17-3,4808.0,8.478244441277663
B17-4,4971.95,8.51176850437101
B17-5,4041.81,8.304695273730642
B18-1,5267.4,8.569481990124892
B18-3,4830.3,8.482870861570666
B19-1,4392.8,8.387949735295079
B19-2,4987.1,8.514810354714443
B19-4,4669.82,8.44908992411412
B20-3,4833.0,8.483429561263428
B4-3,9187.4,9.125697097907079
B4-4,9263.8,9.133977551870167
B4-5,4271.88,8.36004335193585
B5-1,10815.2,9.288800289236047
B5-2,10263.6,9.236456361328955
B5-3,6149.1,8.724223620830971
B5-4,7055.36,8.861684616793294
B5-5,5832.28,8.671334728344556
B6-1,3251.4,8.087148464333682
B6-2,2785.4,7.932505719051791
B6-3,3509.0,8.163371316459912
B6-4,3134.61,8.050579011491775
B6-5,4199.6,8.342982651211207
B7-2,9126.1,9.11900328895954
B7-3,5809.4,8.667404694291958
B7-4,6902.49,8.839782359814562
B7-5,4314.05,8.36986419093591
B8-1,7386.0,8.907476977528738
B8-2,7631.5,8.940170724609033
B8-5,4851.74,8.487298772861838
B9-1,5788.5,8.663801211052327
B9-5,4650.57,8.444960076004334
C1-2,10683.51,9.276550308021314
C1-3,7732.79,8.953354318966944
C1-4,7364.08,8.904505191023752
C1-5,9573.57,9.166865904424236
C13-1,5932.4,8.688352683504
C13-2,6187.23,8.730404379715857
C13-4,4108.12,8.32096417264291
C13-5,6285.84,8.746213838719314
C14-1,6010.1,8.70136303906781
C14-2,6180.92,8.72938418181247
C14-3,8216.09,9.013971410773724
C14-4,4357.11,8.379793756122227
C14-5,6199.84,8.73244004572704
C15-1,5534.6,8.618955240351776
C15-2,6102.51,8.716619294512707
C15-3,8329.57,9.02768716019079
C15-4,4273.48,8.360417736545529
C15-5,6143.38,8.723293121873274
C16-3,6906.78,8.84040359162568
C16-4,4219.45,8.347697036416033
C17-2,6061.55,8.709885782634409
C17-3,6955.73,8.847464815338697
C17-5,5656.45,8.640728539642744
C18-1,5364.6,8.587763484785528
C18-2,6120.72,8.719598381772046
C19-1,5192.0,8.555066843844319
C19-2,6140.47,8.722819406167089
C19-3,7079.07,8.865039073644539
C19-5,5643.45,8.638428040481838
C2-2,10436.36,9.2531469558955
C2-4,7333.37,8.90032679731781
C2-5,9355.26,9.143800916971642
C20-2,5783.23,8.662890527916602
C3-2,3956.95,8.28348149343997
C3-5,3440.0,8.14351740579748
C4-1,8869.7,9.0905089898899
C4-2,8283.87,9.022186238729713
C4-3,8362.61,9.031645431053926
C4-4,5023.97,8.522174762760201
C4-5,5948.33,8.691033887157236
C5-1,8187.7,9.01051043408942
C5-2,9456.14,9.154525290754936
C5-3,8326.59,9.027329377574729
C5-5,6155.5,8.725263713232927
C6-3,8145.17,9.005303157128829
C6-4,4780.38,8.472484486747701
C7-2,6549.59,8.787310400908545
C7-5,6394.17,8.763298296927793
C8-1,6392.1,8.762974562752946
C8-2,6447.61,8.771619882689553
C8-3,7910.81,8.976111858858491
C8-4,4664.64,8.447980295725737
D1-1,9133.92,9.119859711247761
D1-2,6238.63,8.738676164733668
D1-3,5088.3,8.534895575529243
D1-4,8468.21,9.04419251293015
D1-5,4006.73,8.295980275226098
D1-6,10612.1,9.269844366123914
D10-1,3209.32,8.074125899629017
D10-2,2403.09,7.784926732558322
D10-4,3079.57,8.032869923780282
D11-4,2854.28,7.9569251908363805
D11-5,1447.18,7.2780628746121545
D12-1,2318.45,7.749085367589549
D12-4,2191.36,7.692733868159691
D12-5,1598.07,7.377177489236604
D12-6,2614.12,7.869065264547489
D13-2,2438.12,7.79939259749762
D13-3,1725.27,7.453718290463772
D13-4,2598.27,7.862985915355744
D13-5,1586.44,7.369877934776997
D13-6,2303.84,7.742766538704761
D14-1,3136.72,8.051251700503693
D14-2,2376.96,7.773998256251391
D14-3,1792.23,7.491773742009734
D14-4,2136.43,7.667359451736658
D14-5,1375.53,7.22732111875127
D14-6,3126.11,8.047864534325537
D15-1,3182.5,8.06573649945708
D15-4,2316.36,7.74818388569077
D15-5,1528.31,7.332571932272083
D16-1,3176.01,8.063695781888107
D16-2,2470.05,7.8123984405066755
D16-3,2130.41,7.66453901152775
D16-4,2284.32,7.734261337286769
D16-5,1546.87,7.344635071295046
D16-6,2810.17,7.9413560457765735
D17-1,2970.22,7.996727921862808
D17-2,2458.84,7.807851586160767
D17-3,2060.35,7.631116386948092
D17-4,2121.98,7.660576041027699
D17-5,1819.07,7.506630240869677
D17-6,1995.59,7.599196004375307
D18-1,2940.14,7.986552540277186
D18-3,1720.38,7.450881573697781
D18-5,1638.33,7.402042900759072
D18-6,2595.55,7.861938919790666
D19-1,3244.91,8.08515102125762
D2-1,3506.85,8.162758593170794
D2-2,2681.26,7.89441500172316
D2-3,2340.61,7.758594005952773
D2-6,3878.14,8.263368758564905
D20-1,1526.98,7.331701880635569
D20-2,2386.53,7.778014637720967
D3-1,5500.66,8.612805143864435
D3-2,6179.14,8.729096203916829
D3-5,2851.67,7.956010676805282
D3-6,5305.65,8.576716030021815
D4-1,3028.42,8.01612646103852
D4-2,2357.79,7.765904054673578
D4-4,2337.31,7.757183725201416
D4-5,3209.96,8.074325236833474
D5-1,3034.41,8.018101784979239
D5-3,2148.7,7.67308357650209
D5-4,2462.33,7.809269372093249
D5-6,2838.37,7.951337475561203
D6-3,2141.29,7.669630629331964
D6-5,2584.55,7.85769353026851
D6-6,2601.95,7.864400696204623
D7-2,2340.11,7.758380454853454
D7-4,2197.08,7.695339531025517
D7-5,1981.64,7.5921845689223595
D7-6,2446.91,7.802989878250496
D8-1,3135.13,8.050744834692734
D8-2,2326.69,7.752631638472519
D8-4,2702.6,7.902339497226199
D8-5,1619.47,7.390471509605548
D9-1,2927.3,7.982177328849029
D9-2,2554.69,7.8460775248869306
D9-3,2248.98,7.718676606270071
D9-4,2586.67,7.8585131358985345
E1-1,2692.43,7.898570753292071
E1-2,2532.86,7.837499110736038
E1-3,3084.99,8.034627792477156
E10-2,1785.87,7.488220764891479
E10-4,863.29,6.7619083606349655
E11-1,1496.16,7.311325259135844
E11-3,1452.57,7.281777878454017
E11-4,1136.26,7.036377139552804
E12-2,1773.98,7.481544434240402
E13-1,1210.05,7.099243030892335
E13-2,1793.58,7.4925262902571115
E13-4,1134.5,7.034828361545613
E14-1,1365.39,7.219927504506354
E14-3,2372.26,7.772019816384128
E15-2,1801.91,7.497157305152108
E15-3,2283.77,7.7340206418069615
E15-4,1291.17,7.164078254634165
E16-1,1384.58,7.233874103523858
E16-2,1702.17,7.440246499520902
E16-3,3274.83,8.094326551074602
E17-1,927.11,6.833150260244302
E17-3,1985.61,7.594184947494551
E17-4,1141.99,7.041402914850152
E18-1,1354.07,7.211608392496048
E18-2,1903.38,7.551911775269838
E18-3,1031.82,6.9400482041783995
E18-4,1185.48,7.078746219433707
E2-1,1969.73,7.58615931146787
E2-2,1769.63,7.479090694442425
E2-3,1710.31,7.445014438077114
E3-1,6992.74,8.852770742211135
E3-2,5557.64,8.623108753007566
E3-3,6156.71,8.725460234163444
E4-1,1523.3,7.329290567267796
E4-2,2202.51,7.6978068225063705
E4-3,1991.67,7.597230726974642
E5-1,1684.75,7.4299658476146915
E5-2,1880.42,7.53978208986298
E6-1,1792.12,7.491712398303718
E7-2,1309.76,7.178362400643452
E7-4,832.23,6.725309714499547
E8-1,1332.35,7.195449851355794
E8-2,1266.9,7.1451172675339025
E8-3,1440.93,7.273737772977291
E8-4,1042.12,6.9499715011152166
E9-3,1318.83,7.185258219407758
E9-4,1029.0,6.937314081223682
F1-2,1466.29,7.291172440951323
F1-3,1368.71,7.222354317582928
F1-4,1208.58,7.09802847089704
F1-5,1277.58,7.153505366101731
F10-1,2086.54,7.643741618218074
F10-2,1242.85,7.125966687250784
F10-3,1065.03,6.971696746918913
F10-4,805.01,6.692096149377553
F10-5,885.96,6.787799885464096
F11-1,2645.66,7.881053746678211
F11-2,1709.47,7.444523465532489
F11-3,1245.08,7.12775790274378
F11-4,818.73,6.708975017744909
F12-1,2530.2,7.8364487775733345
F12-2,1361.5,7.217076526537399
F12-3,1297.68,7.169103642982063
F12-4,791.18,6.674788638719165
F12-5,850.81,6.747363497265235
F13-1,2112.3,7.656005985768107
F13-2,1554.41,7.349494455454526
F13-3,1269.98,7.14754353542442
F13-4,798.35,6.683798897410901
F13-5,772.97,6.651533113148629
F14-1,2419.12,7.791572404698208
F14-2,1081.33,6.986871403664056
F14-3,1013.73,6.922377846236775
F14-5,771.48,6.649606118469112
F15-1,1751.17,7.468610298752511
F15-2,1282.93,7.1576809656298375
F15-3,1010.61,6.91929840007712
F15-4,775.49,6.654783764205751
F15-5,788.14,6.670943744902507
F16-1,1507.5,7.3188710585991155
F16-2,2812.22,7.942085013750267
F16-3,892.41,6.795045602049913
F16-4,739.04,6.6067042387914015
F16-5,756.75,6.630353515937912
F17-1,1369.12,7.222653606227158
F17-2,1226.01,7.112335594636951
F17-3,960.19,6.868172100146106
F17-4,692.14,6.54123199898859
F17-5,726.83,6.59006750444395
F2-2,1409.72,7.251855491338717
F2-3,940.57,6.847548694775804
F2-4,855.72,6.753111144092619
F3-2,6070.43,8.711349441151285
F3-3,3722.84,8.222510672919713
F3-4,4570.25,8.427541969463592
F4-2,1171.79,7.067140804493034
F4-3,963.52,6.871630568263504
F4-4,1032.56,6.9407644325890825
F4-5,1187.24,7.080228499721278
F5-2,1510.55,7.320890893394521
F5-4,1005.77,6.914502465439379
F5-5,1179.2,7.073439194623068
F6-1,1521.39,7.3280367473844334
F6-2,957.13,6.864983468138228
F6-3,1093.83,6.998354379056343
F6-4,896.49,6.799601978239079
F7-1,1512.38,7.3221008388962385
F7-2,923.04,6.828755360747987
F7-3,1045.23,6.95294850573089
F7-4,843.49,6.738732894851517
F7-5,887.24,6.78924197674601
F9-1,1944.65,7.573351390454792
F9-4,820.15,6.71070579678357
G0-1,2915.07,7.97799209832739
G0-2,1535.93,7.337542199235367
G0-3,1945.06,7.573562094747515
G0-4,1942.07,7.57202447549123
G0-5,745.03,6.614765813872392
G1-1,972.09,6.880476575339008
G1-2,1352.94,7.210774139344131
G1-3,1257.99,7.138065091201048
G1-4,815.81,6.7054065096746305
G10-1,822.01,6.712968351271538
G10-2,1259.65,7.139382739944657
G10-3,592.16,6.3854641771068685
G10-4,546.71,6.305745949793529
G10-5,631.14,6.449110888602491
G11-1,729.88,6.594249287587536
G11-2,823.09,6.714279747246012
G11-3,539.7,6.292864596387959
G11-4,761.0,6.635946555686647
G11-5,649.19,6.47726462786842
G11-6,1210.48,7.0995980316597285
G12-1,720.95,6.581955884417228
G12-2,875.72,6.776187671155137
G12-3,678.59,6.521489675151553
G12-5,582.25,6.368615910901539
G12-6,1050.5,6.957972995142755
G13-1,727.66,6.591207230895688
G13-2,699.03,6.551123191267921
G13-4,719.41,6.579820494382582
G13-5,547.62,6.307406034273544
G13-6,1146.23,7.045105620131049
G14-2,905.49,6.809579998694456
G14-3,617.69,6.427604339484065
G14-5,588.43,6.379155968227818
G14-6,1179.68,7.073845822665675
G15-1,787.69,6.670373341231388
G2-1,809.04,6.697083629163248
G2-3,601.34,6.400822069931491
G2-4,840.95,6.735720630056318
G2-5,738.64,6.606163581338786
G2-6,1022.65,6.931129950298588
G3-1,6140.26,8.722785211814527
G3-3,4591.33,8.4321427995288
G3-4,8488.86,9.04662778918121
G3-5,2793.16,7.935286803746374
G3-6,5497.96,8.612314262431532
G4-1,828.37,6.720666376432279
G4-2,813.55,6.702635813512178
G4-3,584.23,6.372004932356937
G4-4,1290.97,7.163923464258722
G4-5,702.79,6.556480016204558
G4-6,1360.29,7.216188058572104
G5-1,757.76,6.631685521858522
G5-3,747.61,6.6182181536498765
G5-5,755.61,6.6288479291351114
G6-2,761.61,6.636746760371844
G6-4,943.4,6.850549805211358
G6-5,751.6,6.6235338781593365
G7-1,889.66,6.791962760930473
G7-2,897.71,6.800960401786131
G7-3,749.54,6.620792947454705
G7-4,844.93,6.740436613866104
G7-5,782.45,6.663707243550418
G7-6,1077.72,6.983530432045696
G8-1,995.3,6.90404841705081
G8-2,586.24,6.37543359487126
G8-3,433.82,6.074932152349245
G8-4,1038.62,6.94661054075081
G8-5,670.25,6.509141645823075
G9-1,1053.5,6.96082199991883
G9-2,644.09,6.469389841945407
G9-3,623.28,6.436598985674353
G9-4,867.99,6.767331617719319
G9-5,621.16,6.433197294386688
G9-6,1202.14,7.092690084930898
H0-1,2101.1,7.650692124044598
H0-2,621.91,6.43440204607248
H0-3,1226.78,7.1129629395627925
H1-1,907.8,6.8121250479668864
H1-2,987.83,6.8965224260490094
H1-3,641.84,6.465895859680869
H10-1,899.8,6.803283257385426
H10-2,638.0,6.459904454377535
H10-3,354.59,5.873778381759519
H11-1,895.1,6.798052013890174
H11-3,224.16,5.416811260595826
H12-2,660.5,6.494509983555011
H12-3,438.87,6.086479228711559
H13-2,657.8,6.490419998303485
H13-3,466.64,6.147698769138618
H14-1,845.7,6.741346440648232
H14-2,638.65,6.460921151763044
H14-3,435.65,6.079131958859742
H15-1,604.6,6.406219702123239
H15-2,677.0,6.519147287940395
H2-1,807.3,6.694933276739799
H2-2,744.82,6.6144842842261315
H3-1,4709.8,8.457613023967394
H3-2,4182.79,8.338972813280549
H3-3,6393.25,8.763154428010893
H4-1,952.8,6.860454005864124
H4-2,799.25,6.684924178849973
H4-3,631.84,6.450217625580863
H5-1,912.9,6.817721156278156
H5-2,771.09,6.6491011235407
H5-3,686.37,6.532872720751696
H6-1,617.5,6.427297191832543
H6-3,1048.24,6.955821371551176
H7-2,796.01,6.6808672257629445
H7-3,631.23,6.449253251993195
H8-1,654.1,6.48478789573783
H8-2,765.48,6.641808605342618
H8-3,577.68,6.36074964776139
H9-1,878.7,6.779580940258629
H9-2,545.45,6.303442812122682
H9-3,637.97,6.459857504918618
