,Mw
A1-1,10190.99
A1-3,8830.35
A10-2,3977.02
A12-3,6560.57
A14-1,2020.56
A14-2,3764.34
A14-3,5375
A15-2,3922.71
A15-3,5261.7
A16-1,1606.67
A16-2,3666.48
A17-1,1906.74
A17-2,3680.26
A18-1,1800.74
A18-2,3694.02
A18-3,5263.47
A19-1,1777.79
A19-3,5342.73
A20-1,1699.21
A20-2,3605.99
A20-3,5390.93
A22-1,1732.97
A22-2,4354.73
A22-3,5227.54
A23-1,1555.45
A23-3,5216.43
A3-1,787.99
A3-3,460.73
A5-1,6160.54
A5-2,9105.04
A6-1,2719.3
A6-2,7021.54
A6-3,8685.93
A7-1,5878.17
A8-1,2374.6
A8-2,7019.38
A8-3,8559.49
A9-1,1897.04
B10-1,5526.3
B10-2,6806.9
B10-3,5317.1
B10-4,5560.84
B10-5,4444.29
B11-1,5231.4
B11-3,5048
B11-4,5077.81
B11-5,4265.24
B12-1,5578.3
B12-4,5189.38
B12-5,4493.18
B13-2,6789.3
B13-3,5197.4
B13-4,5158.48
B13-5,4334.45
B14-1,5094.2
B14-2,5314.3
B14-3,4972.4
B14-4,5105.85
B15-1,4889.5
B15-2,4997.2
B15-3,4834.6
B15-4,5064.76
B15-5,4048.93
B16-1,5175.1
B16-2,4867.9
B16-3,5063.6
B16-4,5030.7
B16-5,4071.63
B17-1,4343
B17-2,5030.6
B17-3,4808
B17-4,4971.95
B17-5,4041.81
B18-1,5267.4
B18-3,4830.3
B19-1,4392.8
B19-2,4987.1
B19-4,4669.82
B20-3,4833
B4-3,9187.4
B4-4,9263.8
B4-5,4271.88
B5-1,10815.2
B5-2,10263.6
B5-3,6149.1
B5-4,7055.36
B5-5,5832.28
B6-1,3251.4
B6-2,2785.4
B6-3,3509
B6-4,3134.61
B6-5,4199.6
B7-2,9126.1
B7-3,5809.4
B7-4,6902.49
B7-5,4314.05
B8-1,7386
B8-2,7631.5
B8-5,4851.74
B9-1,5788.5
B9-5,4650.57
C1-2,10683.51
C1-3,7732.79
C1-4,7364.08
C1-5,9573.57
C13-1,5932.4
C13-2,6187.23
C13-4,4108.12
C13-5,6285.84
C14-1,6010.1
C14-2,6180.92
C14-3,8216.09
C14-4,4357.11
C14-5,6199.84
C15-1,5534.6
C15-2,6102.51
C15-3,8329.57
C15-4,4273.48
C15-5,6143.38
C16-3,6906.78
C16-4,4219.45
C17-2,6061.55
C17-3,6955.73
C17-5,5656.45
C18-1,5364.6
C18-2,6120.72
C19-1,5192
C19-2,6140.47
C19-3,7079.07
C19-5,5643.45
C2-2,10436.36
C2-4,7333.37
C2-5,9355.26
C20-2,5783.23
C3-2,3956.95
C3-5,3440
C4-1,8869.7
C4-2,8283.87
C4-3,8362.61
C4-4,5023.97
C4-5,5948.33
C5-1,8187.7
C5-2,9456.14
C5-3,8326.59
C5-5,6155.5
C6-3,8145.17
C6-4,4780.38
C7-2,6549.59
C7-5,6394.17
C8-1,6392.1
C8-2,6447.61
C8-3,7910.81
C8-4,4664.64
D1-1,9133.92
D1-2,6238.63
D1-3,5088.3
D1-4,8468.21
D1-5,4006.73
D1-6,10612.1
D10-1,3209.32
D10-2,2403.09
D10-4,3079.57
D11-4,2854.28
D11-5,1447.18
D12-1,2318.45
D12-4,2191.36
D12-5,1598.07
D12-6,2614.12
D13-2,2438.12
D13-3,1725.27
D13-4,2598.27
D13-5,1586.44
D13-6,2303.84
D14-1,3136.72
D14-2,2376.96
D14-3,1792.23
D14-4,2136.43
D14-5,1375.53
D14-6,3126.11
D15-1,3182.5
D15-4,2316.36
D15-5,1528.31
D16-1,3176.01
D16-2,2470.05
D16-3,2130.41
D16-4,2284.32
D16-5,1546.87
D16-6,2810.17
D17-1,2970.22
D17-2,2458.84
D17-3,2060.35
D17-4,2121.98
D17-5,1819.07
D17-6,1995.59
D18-1,2940.14
D18-3,1720.38
D18-5,1638.33
D18-6,2595.55
D19-1,3244.91
D2-1,3506.85
D2-2,2681.26
D2-3,2340.61
D2-6,3878.14
D20-1,1526.98
D20-2,2386.53
D3-1,5500.66
D3-2,6179.14
D3-5,2851.67
D3-6,5305.65
D4-1,3028.42
D4-2,2357.79
D4-4,2337.31
D4-5,3209.96
D5-1,3034.41
D5-3,2148.7
D5-4,2462.33
D5-6,2838.37
D6-3,2141.29
D6-5,2584.55
D6-6,2601.95
D7-2,2340.11
D7-4,2197.08
D7-5,1981.64
D7-6,2446.91
D8-1,3135.13
D8-2,2326.69
D8-4,2702.6
D8-5,1619.47
D9-1,2927.3
D9-2,2554.69
D9-3,2248.98
D9-4,2586.67
E1-1,2692.43
E1-2,2532.86
E1-3,3084.99
E10-2,1785.87
E10-4,863.29
E11-1,1496.16
E11-3,1452.57
E11-4,1136.26
E12-2,1773.98
E13-1,1210.05
E13-2,1793.58
E13-4,1134.5
E14-1,1365.39
E14-3,2372.26
E15-2,1801.91
E15-3,2283.77
E15-4,1291.17
E16-1,1384.58
E16-2,1702.17
E16-3,3274.83
E17-1,927.11
E17-3,1985.61
E17-4,1141.99
E18-1,1354.07
E18-2,1903.38
E18-3,1031.82
E18-4,1185.48
E2-1,1969.73
E2-2,1769.63
E2-3,1710.31
E3-1,6992.74
E3-2,5557.64
E3-3,6156.71
E4-1,1523.3
E4-2,2202.51
E4-3,1991.67
E5-1,1684.75
E5-2,1880.42
E6-1,1792.12
E7-2,1309.76
E7-4,832.23
E8-1,1332.35
E8-2,1266.9
E8-3,1440.93
E8-4,1042.12
E9-3,1318.83
E9-4,1029
F1-2,1466.29
F1-3,1368.71
F1-4,1208.58
F1-5,1277.58
F10-1,2086.54
F10-2,1242.85
F10-3,1065.03
F10-4,805.01
F10-5,885.96
F11-1,2645.66
F11-2,1709.47
F11-3,1245.08
F11-4,818.73
F12-1,2530.2
F12-2,1361.5
F12-3,1297.68
F12-4,791.18
F12-5,850.81
F13-1,2112.3
F13-2,1554.41
F13-3,1269.98
F13-4,798.35
F13-5,772.97
F14-1,2419.12
F14-2,1081.33
F14-3,1013.73
F14-5,771.48
F15-1,1751.17
F15-2,1282.93
F15-3,1010.61
F15-4,775.49
F15-5,788.14
F16-1,1507.5
F16-2,2812.22
F16-3,892.41
F16-4,739.04
F16-5,756.75
F17-1,1369.12
F17-2,1226.01
F17-3,960.19
F17-4,692.14
F17-5,726.83
F2-2,1409.72
F2-3,940.57
F2-4,855.72
F3-2,6070.43
F3-3,3722.84
F3-4,4570.25
F4-2,1171.79
F4-3,963.52
F4-4,1032.56
F4-5,1187.24
F5-2,1510.55
F5-4,1005.77
F5-5,1179.2
F6-1,1521.39
F6-2,957.13
F6-3,1093.83
F6-4,896.49
F7-1,1512.38
F7-2,923.04
F7-3,1045.23
F7-4,843.49
F7-5,887.24
F9-1,1944.65
F9-4,820.15
G0-1,2915.07
G0-2,1535.93
G0-3,1945.06
G0-4,1942.07
G0-5,745.03
G1-1,972.09
G1-2,1352.94
G1-3,1257.99
G1-4,815.81
G10-1,822.01
G10-2,1259.65
G10-3,592.16
G10-4,546.71
G10-5,631.14
G11-1,729.88
G11-2,823.09
G11-3,539.7
G11-4,761
G11-5,649.19
G11-6,1210.48
G12-1,720.95
G12-2,875.72
G12-3,678.59
G12-5,582.25
G12-6,1050.5
G13-1,727.66
G13-2,699.03
G13-4,719.41
G13-5,547.62
G13-6,1146.23
G14-2,905.49
G14-3,617.69
G14-5,588.43
G14-6,1179.68
G15-1,787.69
G2-1,809.04
G2-3,601.34
G2-4,840.95
G2-5,738.64
G2-6,1022.65
G3-1,6140.26
G3-3,4591.33
G3-4,8488.86
G3-5,2793.16
G3-6,5497.96
G4-1,828.37
G4-2,813.55
G4-3,584.23
G4-4,1290.97
G4-5,702.79
G4-6,1360.29
G5-1,757.76
G5-3,747.61
G5-5,755.61
G6-2,761.61
G6-4,943.4
G6-5,751.6
G7-1,889.66
G7-2,897.71
G7-3,749.54
G7-4,844.93
G7-5,782.45
G7-6,1077.72
G8-1,995.3
G8-2,586.24
G8-3,433.82
G8-4,1038.62
G8-5,670.25
G9-1,1053.5
G9-2,644.09
G9-3,623.28
G9-4,867.99
G9-5,621.16
G9-6,1202.14
H0-1,2101.1
H0-2,621.91
H0-3,1226.78
H1-1,907.8
H1-2,987.83
H1-3,641.84
H10-1,899.8
H10-2,638
H10-3,354.59
H11-1,895.1
H11-3,224.16
H12-2,660.5
H12-3,438.87
H13-2,657.8
H13-3,466.64
H14-1,845.7
H14-2,638.65
H14-3,435.65
H15-1,604.6
H15-2,677
H2-1,807.3
H2-2,744.82
H3-1,4709.8
H3-2,4182.79
H3-3,6393.25
H4-1,952.8
H4-2,799.25
H4-3,631.84
H5-1,912.9
H5-2,771.09
H5-3,686.37
H6-1,617.5
H6-3,1048.24
H7-2,796.01
H7-3,631.23
H8-1,654.1
H8-2,765.48
H8-3,577.68
H9-1,878.7
H9-2,545.45
H9-3,637.97
